,theta_G_or_H,theta_G_or_S
0,"[[ 0.91723448]
 [-1.77817229]
 [ 0.08025334]]","[[  4.92675995]
 [  0.95480803]
 [-11.92024807]]"
