,theta_G,theta_S,theta_H,theta_R
0,"[[ -5.36187046]
 [ 18.84104099]
 [-17.80561951]]","[[ 11.27002597]
 [-17.39584069]
 [-16.07592941]]","[[ -3.2839331 ]
 [-21.66758503]
 [ 18.7590968 ]]","[[-22.4205364 ]
 [ 18.71017964]
 [ 18.69442229]]"
