,theta_G_or_H,theta_G_or_S
0,"[[0.68915813]
 [0.82834417]
 [0.83283757]]","[[0.31851475]
 [0.65853793]
 [0.52647109]]"
